-- 清空现有数据 (按照外键依赖顺序反向删除)
TRUNCATE TABLE predictions CASCADE;
TRUNCATE TABLE matches CASCADE;
TRUNCATE TABLE teams CASCADE;
TRUNCATE TABLE groups CASCADE;
TRUNCATE TABLE stages CASCADE;
TRUNCATE TABLE tournaments CASCADE;

-- 1. 创建锦标赛
INSERT INTO tournaments (id, name, status, start_date, end_date)
VALUES (
  '11111111-1111-1111-1111-111111111111',
  'SF6 街霸6 竞猜杯',
  'ongoing',
  NOW(),
  NOW() + INTERVAL '3 days'
);

-- 2. 创建阶段
INSERT INTO stages (id, tournament_id, name, "order")
VALUES 
  ('22222222-2222-2222-2222-222222222221', '11111111-1111-1111-1111-111111111111', '第一阶段', 1),
  ('22222222-2222-2222-2222-222222222222', '11111111-1111-1111-1111-111111111111', '第二阶段', 2),
  ('22222222-2222-2222-2222-222222222223', '11111111-1111-1111-1111-111111111111', '第三阶段', 3),
  ('22222222-2222-2222-2222-222222222224', '11111111-1111-1111-1111-111111111111', '选拔阶段', 4);

-- 3. 创建小组 (在第一阶段下创建A, B, C, D四组)
INSERT INTO groups (id, stage_id, name, type)
VALUES
  ('33333333-3333-3333-3333-333333333331', '22222222-2222-2222-2222-222222222221', 'A组', 'double_elimination'),
  ('33333333-3333-3333-3333-333333333332', '22222222-2222-2222-2222-222222222221', 'B组', 'double_elimination'),
  ('33333333-3333-3333-3333-333333333333', '22222222-2222-2222-2222-222222222221', 'C组', 'double_elimination'),
  ('33333333-3333-3333-3333-333333333334', '22222222-2222-2222-2222-222222222221', 'D组', 'double_elimination');

-- 4. 创建队伍 (根据OCR提取的队名)
INSERT INTO teams (id, name, seed)
VALUES
  -- A组队伍
  ('44444444-4444-4444-4444-444444444441', '巴索克', 1),
  ('44444444-4444-4444-4444-444444444442', '纯爱至死不渝', 2),
  ('44444444-4444-4444-4444-444444444443', '海无量', 3),
  ('44444444-4444-4444-4444-444444444444', '九百', 4),
  -- B组队伍
  ('44444444-4444-4444-4444-444444444445', '墨昀', 1),
  ('44444444-4444-4444-4444-444444444446', 'Gimmick', 2),
  ('44444444-4444-4444-4444-444444444447', '静坐石枯', 3),
  ('44444444-4444-4444-4444-444444444448', '王厨子', 4),
  -- C组队伍
  ('44444444-4444-4444-4444-444444444449', '大道克己', 1),
  ('44444444-4444-4444-4444-444444444450', '萨巴', 2),
  ('44444444-4444-4444-4444-444444444451', '下中脚', 3),
  ('44444444-4444-4444-4444-444444444452', '18', 4),
  -- D组队伍
  ('44444444-4444-4444-4444-444444444453', '皮皮', 1),
  ('44444444-4444-4444-4444-444444444454', '清风凉水', 2),
  ('44444444-4444-4444-4444-444444444455', 'niuniu', 3),
  ('44444444-4444-4444-4444-444444444456', '张白生', 4);

-- 5. 创建比赛占位符 (每个组5场比赛：首轮2场，胜者组决赛1场，败者组首轮1场，败者组决赛1场)
-- 组A
INSERT INTO matches (id, group_id, team1_id, team2_id) VALUES
  ('55555555-5555-5555-5555-555555555511', '33333333-3333-3333-3333-333333333331', '44444444-4444-4444-4444-444444444441', '44444444-4444-4444-4444-444444444442'), -- A组首轮1 (巴索克 vs 纯爱至死不渝)
  ('55555555-5555-5555-5555-555555555512', '33333333-3333-3333-3333-333333333331', '44444444-4444-4444-4444-444444444443', '44444444-4444-4444-4444-444444444444'), -- A组首轮2 (海无量 vs 九百)
  ('55555555-5555-5555-5555-555555555513', '33333333-3333-3333-3333-333333333331', NULL, NULL), -- A组胜者组决赛
  ('55555555-5555-5555-5555-555555555514', '33333333-3333-3333-3333-333333333331', NULL, NULL), -- A组败者组第一轮
  ('55555555-5555-5555-5555-555555555515', '33333333-3333-3333-3333-333333333331', NULL, NULL); -- A组败者组决赛

-- 组B
INSERT INTO matches (id, group_id, team1_id, team2_id) VALUES
  ('55555555-5555-5555-5555-555555555521', '33333333-3333-3333-3333-333333333332', '44444444-4444-4444-4444-444444444445', '44444444-4444-4444-4444-444444444446'), -- B组首轮1 (墨昀 vs Gimmick)
  ('55555555-5555-5555-5555-555555555522', '33333333-3333-3333-3333-333333333332', '44444444-4444-4444-4444-444444444447', '44444444-4444-4444-4444-444444444448'), -- B组首轮2 (静坐石枯 vs 王厨子)
  ('55555555-5555-5555-5555-555555555523', '33333333-3333-3333-3333-333333333332', NULL, NULL), -- B组胜者组决赛
  ('55555555-5555-5555-5555-555555555524', '33333333-3333-3333-3333-333333333332', NULL, NULL), -- B组败者组第一轮
  ('55555555-5555-5555-5555-555555555525', '33333333-3333-3333-3333-333333333332', NULL, NULL); -- B组败者组决赛

-- 组C
INSERT INTO matches (id, group_id, team1_id, team2_id) VALUES
  ('55555555-5555-5555-5555-555555555531', '33333333-3333-3333-3333-333333333333', '44444444-4444-4444-4444-444444444449', '44444444-4444-4444-4444-444444444450'), -- C组首轮1 (大道克己 vs 萨巴)
  ('55555555-5555-5555-5555-555555555532', '33333333-3333-3333-3333-333333333333', '44444444-4444-4444-4444-444444444451', '44444444-4444-4444-4444-444444444452'), -- C组首轮2 (下中脚 vs 18)
  ('55555555-5555-5555-5555-555555555533', '33333333-3333-3333-3333-333333333333', NULL, NULL), -- C组胜者组决赛
  ('55555555-5555-5555-5555-555555555534', '33333333-3333-3333-3333-333333333333', NULL, NULL), -- C组败者组第一轮
  ('55555555-5555-5555-5555-555555555535', '33333333-3333-3333-3333-333333333333', NULL, NULL); -- C组败者组决赛

-- 组D
INSERT INTO matches (id, group_id, team1_id, team2_id) VALUES
  ('55555555-5555-5555-5555-555555555541', '33333333-3333-3333-3333-333333333334', '44444444-4444-4444-4444-444444444453', '44444444-4444-4444-4444-444444444454'), -- D组首轮1 (皮皮 vs 清风凉水)
  ('55555555-5555-5555-5555-555555555542', '33333333-3333-3333-3333-333333333334', '44444444-4444-4444-4444-444444444455', '44444444-4444-4444-4444-444444444456'), -- D组首轮2 (niuniu vs 张白生)
  ('55555555-5555-5555-5555-555555555543', '33333333-3333-3333-3333-333333333334', NULL, NULL), -- D组胜者组决赛
  ('55555555-5555-5555-5555-555555555544', '33333333-3333-3333-3333-333333333334', NULL, NULL), -- D组败者组第一轮
  ('55555555-5555-5555-5555-555555555545', '33333333-3333-3333-3333-333333333334', NULL, NULL); -- D组败者组决赛
